Name,Address,City,State,Zip Code,Latitude,Longitude,Category,Review Count,Rating
STM,"800 Rue de la Gauchetière Ouest Montreal, QC H5A 1J6 Canada",Montreal,QC,H5A 1J6,45.49942,-73.56519,Public Transportation,91,3.1
Exo,"1000 Rue de la Gauchetière Montreal, QC H3B 4W5 Canada",Montreal,QC,H3B 4W5,45.49817,-73.56622,Public Transportation,0,0.0
Exo,"700 Rue de la Gauchetière O Montreal, QC H3B 5M2 Canada",Montreal,QC,H3B 5M2,45.50096033072341,-73.56489075828287,Public Transportation,6,2.0
De Castelnau Metro,"1 Rue de Castelnau O Montreal, QC H2R 2X9 Canada",Montreal,QC,H2R 2X9,45.53411,-73.62156,Public Transportation,1,5.0
Exo,"895 Rue de la Gauchetière O Montreal, QC H3B 2M9 Canada",Montreal,QC,H3B 2M9,45.50015,-73.56688,Public Transportation,0,0.0
Exo,"1290 Rue de la Gauchetière O Montreal, QC H3B 2S2 Canada",Montreal,QC,H3B 2S2,45.4963363,-73.5701067,Public Transportation,0,0.0
Terminus Centre-Ville,"1000 Rue de la Gauchetière O Montreal, QC H3B 4W5 Canada",Montreal,QC,H3B 4W5,45.497929,-73.566,Public Transportation,0,0.0
Pro movers for normal price and best rates,"9400 Rue Centrale Montreal, QC H8R 2K3 Canada",Montreal,QC,H8R 2K3,45.419497,-73.646342,"Professional Services, Public Transportation, Furniture Reupholstery",0,0.0
Exo,"300 Avenue Ogilvy Montreal, QC H3N 2Y4 Canada",Montreal,QC,H3N 2Y4,45.5312777,-73.6236279,Public Transportation,0,0.0
Terminus Mansfield,"900 Rue Saint-Jacques Montreal, QC H3C Canada",Montreal,QC,H3C,45.4981734343671,-73.5642119074097,Public Transportation,0,0.0
Terminus Longueuil,"Longueuil, QC J4K 1A2 Canada",Longueuil,QC,J4K 1A2,45.524913,-73.522073,Public Transportation,4,2.8
AT Xpress Transport / CanadaCarTransport,"Laval, QC H7L 3N8 Canada",Laval,QC,H7L 3N8,45.58106232,-73.75530243,Public Transportation,0,0.0
Exo,"120 Place Charles-Lemoyne Suite 300 Longueuil, QC J4K 2T4 Canada",Longueuil,QC,J4K 2T4,45.524258,-73.521769,Public Transportation,0,0.0
211 Autobus Bord du Lac,"620 Avenue Atwater Montreal, QC H4C 2G6 Canada",Montreal,QC,H4C 2G6,45.4828741,-73.5796961,Public Transportation,1,5.0
Exo,"5160 Boulevard de Maisonneuve O Montreal, QC H4A 3S9 Canada",Montreal,QC,H4A 3S9,45.47391,-73.60382,Public Transportation,0,0.0
Dilshad Transport Incorporation,"8562 avenue d'Outremont Suite- 1 Montreal, QC H3N 2M8 Canada",Montreal,QC,H3N 2M8,45.531777,-73.644378,Public Transportation,0,0.0
Exo,"535 Rue Lucien-Paiement Laval, QC H7N 5H9 Canada",Laval,QC,H7N 5H9,45.557964,-73.7202,Public Transportation,0,0.0
Avner Logistics,"5570 Rue Paré Mount Royal, QC H4P 2M1 Canada",Mount Royal,QC,H4P 2M1,45.4911,-73.66107,Public Transportation,0,0.0
Northway Express Transportation,"5076 Chemin du Souvenir Laval, QC H7W 1E4 Canada",Laval,QC,H7W 1E4,45.5342425264317,-73.77587110000002,Public Transportation,0,0.0
Exo,"7155 Rue Sherbrooke E Montreal, QC H1N 3M6 Canada",Montreal,QC,H1N 3M6,45.58866,-73.53995,Public Transportation,0,0.0
Exo,"50 Boulevard Taschereau La Prairie, QC J5R 4V3 Canada",La Prairie,QC,J5R 4V3,45.422043,-73.4866877,Public Transportation,0,0.0
Exo,"5365 Boulevard Saint-Laurent Sainte-Catherine, QC J5C 1K1 Canada",Sainte-Catherine,QC,J5C 1K1,45.3990393,-73.5724606,Public Transportation,0,0.0
CMB Freight,"10999 Bd Saint-Jean-Baptiste Montreal, QC H1B 4B3 Canada",Montreal,QC,H1B 4B3,45.650736,-73.533166,Public Transportation,0,0.0
Targipsum Technologies Inc.,"9160 Boulevard Leduc Brossard, QC J4Y 0E3 Canada",Brossard,QC,J4Y 0E3,45.4461823,-73.4393845,Public Transportation,0,0.0
Terminus Cartier,"Laval, QC H7N 0A3 Canada",Laval,QC,H7N 0A3,45.560096,-73.681816,Public Transportation,0,0.0
The Lux Bus,"1228 Rue Sherbrooke O Montreal, QC H3G Canada",Montreal,QC,H3G,45.49985,-73.5779699,Public Transportation,0,0.0
Reseau De Transport De Longueuil,"1150 Boulevard Marie-Victorin Longueuil, QC J4G 2M4 Canada",Longueuil,QC,J4G 2M4,45.55921,-73.49316,"Public Transportation, Buses",2,1.0
Métro de la Concorde,"1200 Boulevard de la Concorde O Laval, QC H7N 1J2 Canada",Laval,QC,H7N 1J2,45.5607120431042,-73.7096877621525,Public Transportation,0,0.0
Tran-Sport-Action,"Dorval, QC H9S 3H7 Canada",Dorval,QC,H9S 3H7,45.44547653,-73.74141693,"Couriers & Delivery Services, Public Transportation",0,0.0
Hachicho Transport,"10200 Bd de l'Acadie Apt 711 Montreal, QC H4N 0C1 Canada",Montreal,QC,H4N 0C1,45.53396,-73.67355,Public Transportation,0,0.0
Metro Cadillac,"6008 Rue Sherbrooke E Montreal, QC H1N Canada",Montreal,QC,H1N,45.5769234,-73.5463333,Public Transportation,0,0.0
Brossard Panama,"1895, Panama Street Brossard, QC J4W Canada",Brossard,QC,J4W,45.4676094,-73.4685593,Public Transportation,2,3.0
Conseil Intermunicipal De Transport Roussillon,"147 Rue Saint-Pierre Saint-Constant, QC J5A 2G9 Canada",Saint-Constant,QC,J5A 2G9,45.37153,-73.57158,Public Transportation,0,0.0
Stationnement Blinkay,"1931 Rue Sherbrooke O Montreal, QC H3H 1E3 Canada",Montreal,QC,H3H 1E3,45.4945846,-73.5850012,Parking,1,5.0
Impark,"1190 Avenue des Canadiens-de-Montréal Montreal, QC H3B 2S2 Canada",Montreal,QC,H3B 2S2,45.4967185843048,-73.568554893136,Parking,1,4.0
Indigo,"600 Boulevard de Maisonneuve O Montreal, QC H3A 3J2 Canada",Montreal,QC,H3A 3J2,45.5042,-73.57112,Parking,0,0.0
Indigo,"300 Rue Léo Pariseau Montreal, QC H2X 4B3 Canada",Montreal,QC,H2X 4B3,45.5111073567879,-73.5764475314756,Parking,0,0.0
Concordia LB Parking Garage,"1453 Rue Mackay Library Building - LB Montreal, QC H3G 2H6 Canada",Montreal,QC,H3G 2H6,45.49661,-73.57813,Parking,0,0.0
Indigo,"1664 Rue Saint-Hubert M302-Ilot Voyageur Montreal, QC H2L 0B4 Canada",Montreal,QC,H2L 0B4,45.51699119198933,-73.56259776313007,Parking,0,0.0
Indigo,"1500 Avenue McGill College Montreal, QC H3A 3J5 Canada",Montreal,QC,H3A 3J5,45.50228600861905,-73.57218054127189,Parking,0,0.0
Indigo,"900 Boulevard René-Lévesque O Montreal, QC H4A 3L5 Canada",Montreal,QC,H4A 3L5,45.50101977959202,-73.5670097698513,Parking,0,0.0
Indigo,"1100 Avenue du Docteur-Penfield Montreal, QC H3A 1A8 Canada",Montreal,QC,H3A 1A8,45.502845,-73.579703,Parking,0,0.0
Indigo,"2020 Boulevard Robert-Bourassa Montreal, QC H3A 2A5 Canada",Montreal,QC,H3A 2A5,45.503964,-73.572286,Parking,0,0.0
Indigo,"1981 Avenue McGill College Montreal, QC H3A 3A8 Canada",Montreal,QC,H3A 3A8,45.50343337524035,-73.5731297,Parking,0,0.0
Indigo,"500 Boulevard René-Lévesque O Montreal, QC H2Z 1W7 Canada",Montreal,QC,H2Z 1W7,45.50288490110185,-73.56541484424423,Parking,0,0.0
Concordia Faubourg Parking Garage,"1250 Rue Guy Concordia Faubourg Building Montreal, QC H3H 2T4 Canada",Montreal,QC,H3H 2T4,45.49467,-73.57741,Parking,0,0.0
Indigo,"629 Rue Saint-Antoine O Montreal, QC H3C 6J7 Canada",Montreal,QC,H3C 6J7,45.50098146910648,-73.56254788394256,Parking,0,0.0
Indigo,"355 Sainte-Catherine O Montreal, QC H3B 1A5 Canada",Montreal,QC,H3B 1A5,45.50618743384763,-73.56738401779204,Parking,0,0.0
Indigo,"1350 René-Lévesque Boulevard W Montreal, QC H3G 1T4 Canada",Montreal,QC,H3G 1T4,45.496089080695306,-73.57212367055227,Parking,0,0.0
Indigo,"900 Rue Saint-Antoine Ouest Montreal, QC H3B 3A7 Canada",Montreal,QC,H3B 3A7,45.49865041170583,-73.56442871969774,Parking,0,0.0
Indigo,"1445 Rue Stanley Montreal, QC H3A 3T1 Canada",Montreal,QC,H3A 3T1,45.49982616,-73.57450058,Parking,0,0.0
Indigo,"2061 Rue Stanley Montreal, QC H3A 0B7 Canada",Montreal,QC,H3A 0B7,45.500832,-73.576493,Parking,0,0.0
Indigo,"900 Boulevard de Maisonneuve Ouest Montreal, QC H3A 0A5 Canada",Montreal,QC,H3A 0A5,45.501890127942815,-73.57360947,Parking,0,0.0
EyePark,"3535 Chemin Queen Mary Montreal, QC H3V 1H8 Canada",Montreal,QC,H3V 1H8,45.49578902663838,-73.61908791836413,Parking,0,0.0
Indigo,"904 Rue Belmont Montreal, QC H3B 2M4 Canada",Montreal,QC,H3B 2M4,45.50025779,-73.5668144,Parking,0,0.0
Indigo,"1035 Rue Hermine Montreal, QC H2Z 1M9 Canada",Montreal,QC,H2Z 1M9,45.50340455,-73.56263314,Parking,0,0.0
Indigo,"1180 Rue de la Montagne Hôtel Novotel Montreal, QC H3G 1Z1 Canada",Montreal,QC,H3G 1Z1,45.49696613435592,-73.57342891845472,Parking,0,0.0
Indigo,"800 Rue de la Gauchetière O Montreal, QC H5A 1K6 Canada",Montreal,QC,H5A 1K6,45.499465,-73.56501,Parking,0,0.0
Indigo,"1100 Boulevard René-Lévesque O Montreal, QC H3B 5H5 Canada",Montreal,QC,H3B 5H5,45.49777074,-73.57001554781571,Parking,0,0.0
Indigo,"721 Avenue Viger Ouest Montreal, QC H3B 4L5 Canada",Montreal,QC,H3B 4L5,45.501157769398326,-73.56416395730552,Parking,0,0.0
INDIGO,"1 Place Ville Marie Bureau 9275 Montreal, QC H3B 4E5 Canada",Montreal,QC,H3B 4E5,45.5014758,-73.5692531,Parking,0,0.0
Indigo,"230 Rue du Saint Sacrement Montreal, QC H2Y 1X3 Canada",Montreal,QC,H2Y 1X3,45.50268078047426,-73.556702,Parking,0,0.0
Indigo,"1275 Avenue des Canadiens Montreal, QC H3B 5E8 Canada",Montreal,QC,H3B 5E8,45.49676684,-73.5707536,Parking,0,0.0
Indigo,"1225 Boulevard Robert-Bourassa Montreal, QC H3B 3X4 Canada",Montreal,QC,H3B 3X4,45.50241720368369,-73.5680709903114,Parking,0,0.0
INDIGO,"1199 Rue Peel Montreal, QC H3B 2T9 Canada",Montreal,QC,H3B 2T9,45.499648,-73.57169,Parking,0,0.0
Indigo,"1570 Rue Saint-Timothée Montreal, QC H2L 3N9 Canada",Montreal,QC,H2L 3N9,45.5179508,-73.55987207,Parking,0,0.0
Safeway Parking,"1201 Rue de la Montagne Montreal, QC H3G 1Z2 Canada",Montreal,QC,H3G 1Z2,45.4976392559433,-73.57383582215559,Parking,1,1.0
INDIGO,"1155 Rue Metcalfe Montreal, QC H3B 2V6 Canada",Montreal,QC,H3B 2V6,45.50036735887289,-73.57118869,Parking,0,0.0
Indigo,"800 Boulevard de Maisonneuve E Montreal, QC H2L 4L8 Canada",Montreal,QC,H2L 4L8,45.51621096,-73.5600489132226,Parking,0,0.0
Vincipark,"721 Viger Ouest Montreal, QC H3B 4L1 Canada",Montreal,QC,H3B 4L1,45.5008926,-73.5641632,Parking,3,1.0
Indigo,"1111 Rue Saint-Urbain Montreal, QC H2Z 1Y6 Canada",Montreal,QC,H2Z 1Y6,45.50736536013042,-73.56124180000002,Parking,0,0.0
Indigo,"380 Rue Saint-Antoine O Montreal, QC H2Y 3X7 Canada",Montreal,QC,H2Y 3X7,45.50240089,-73.56090355,Parking,0,0.0
Indigo,"87 Rue Saint-Antoine O Montreal, QC H2Z 1G9 Canada",Montreal,QC,H2Z 1G9,45.505955,-73.558266,Parking,0,0.0
Indigo,"500 Place d'Armes Montreal, QC H2Y 2W2 Canada",Montreal,QC,H2Y 2W2,45.50429896007813,-73.55737042331384,Parking,0,0.0
Mr Clean Car Wash,"422 Rue Notre Dame O Montreal, QC H2Y 1V3 Canada",Montreal,QC,H2Y 1V3,45.5013274478598,-73.5595862567425,Parking,1,5.0
Indigo,"1600 Boulevard René-Lévesque O Montreal, QC H3H 1P9 Canada",Montreal,QC,H3H 1P9,45.49356415,-73.57459247186966,Parking,0,0.0
Indigo,"445 Rue Saint-Jean-Baptiste Marriott SpringHill Suites Montreal, QC H2Y 2Z7 Canada",Montreal,QC,H2Y 2Z7,45.50629673416289,-73.55451495096864,Parking,0,0.0
Indigo,"100 Alexis-Nihon Boulevard Montreal, QC H4M 2P1 Canada",Montreal,QC,H4M 2P1,45.49663132672796,-73.6776272860708,Parking,0,0.0
Indigo,"2021 Avenue Atwater Montreal, QC H3H 2P2 Canada",Montreal,QC,H3H 2P2,45.490531,-73.586085,Parking,0,0.0
INDIGO,"304 Rue Saint-Paul O Montreal, QC H2Y 2A3 Canada",Montreal,QC,H2Y 2A3,45.501525385242616,-73.55583908831882,Parking,0,0.0
Indigo,"420 Rue Saint-François-Xavier Montreal, QC H2Y 2S9 Canada",Montreal,QC,H2Y 2S9,45.50292918,-73.55578436,Parking,0,0.0
Stationnement Safeway,"2015 Rue Peel Suite 460 Montreal, QC H3A 1T8 Canada",Montreal,QC,H3A 1T8,45.5011811,-73.57487641914713,Parking,0,0.0
Indigo,"225 Rue Peel Montreal, QC H3C 0P8 Canada",Montreal,QC,H3C 0P8,45.49440873901819,-73.55840117225873,Parking,0,0.0
Indigo,"305 Rue de la Montagne Montreal, QC H3C 2B2 Canada",Montreal,QC,H3C 2B2,45.492323721034566,-73.56239278387044,Parking,0,0.0
Indigo,"1500 Avenue Atwater Montreal, QC H3Z 1X5 Canada",Montreal,QC,H3Z 1X5,45.48862186997482,-73.58730697100344,Parking,0,0.0
Impark,"1250 Boulevard René-Lévesque O Parking Lot 802 Montreal, QC H2L 3Y7 Canada",Montreal,QC,H2L 3Y7,45.497204,-73.5704708,Parking,0,0.0
Indigo,"4101 Rue Molson Montreal, QC H1Y 3L1 Canada",Montreal,QC,H1Y 3L1,45.54150076,-73.56418241,Parking,0,0.0
Indigo,"3535 Chemin Queen Mary Montreal, QC H3V 1H8 Canada",Montreal,QC,H3V 1H8,45.49587324,-73.61910161,Parking,0,0.0
Indigo,"1225 Rue Saint-Antoine O Montreal, QC H3C 5L2 Canada",Montreal,QC,H3C 5L2,45.495729,-73.569017,Parking,0,0.0
Park'N Fly,"Stationnement Montréal Valet 12155 Chemin Côte-de-Liesse Dorval, QC H9P 1B4 Canada",Dorval,QC,H9P 1B4,45.4547062,-73.7354147,Parking,13,2.2
Indigo,"792 Rue Saint-Antoine O Montreal, QC H3C 1A6 Canada",Montreal,QC,H3C 1A6,45.498224,-73.564147,Parking,0,0.0
Mount Royal Parking,"4510 Rue Clark Montreal, QC H2T 2T4 Canada",Montreal,QC,H2T 2T4,45.5195099,-73.5870599,Parking,2,3.0
Indigo Neo,"777 Boulevard le Corbusier Laval, QC H7N 0G6 Canada",Laval,QC,H7N 0G6,45.5573116,-73.7237276,"Parking, Car Wash, EV Charging Stations",0,0.0
Indigo,"2074 Avenue Northcliffe Queen Elizabeth Health Centre Montreal, QC H4A 3K5 Canada",Montreal,QC,H4A 3K5,45.4739007,-73.6065356,Parking,0,0.0
Indigo,"745 Boulevard Montréal-Toronto Dorval, QC H9S 1A2 Canada",Dorval,QC,H9S 1A2,45.4483960414329,-73.74000758362524,Parking,0,0.0
EyePark,"125 Gagnon Street Suite 101 St. Laurent, QC H4N 1T1 Canada",St. Laurent,QC,H4N 1T1,45.52392,-73.65531,Parking,0,0.0
Indigo,"9469 Boulevard Gouin O Pierrefonds, QC H8Y 1T2 Canada",Pierrefonds,QC,H8Y 1T2,45.506775,-73.773577,Parking,0,0.0
Spaq,"201 Boulevard Crémazie E Montreal, QC H2M 1L2 Canada",Montreal,QC,H2M 1L2,45.54393514070945,-73.64081814418395,Parking,0,0.0
Laurier Gallerie,"400 Laurier Av W Montreal, QC H2V 2K7 Canada",Montreal,QC,H2V 2K7,45.51877,-73.59633,Parking,0,0.0
Stationnement Place Du Parc,"3550 Du Parc Av Montreal, QC H2X 2H7 Canada",Montreal,QC,H2X 2H7,45.510331,-73.575253,Parking,0,0.0
Park 'N Fly,"Stationnement Montréal Express B 630 Avenue Michel Jasmin Dorval, QC H9P 1C5 Canada",Dorval,QC,H9P 1C5,45.4510999,-73.73754,Parking,0,0.0
AeroParc A1,"400 Boulevard McMillan Dorval, QC H9P 1C8 Canada",Dorval,QC,H9P 1C8,45.45402903679187,-73.73876172801242,Parking,0,0.0
Indigo,"1950 Rue Claude Gagné Laval, QC H7N 0E4 Canada",Laval,QC,H7N 0E4,45.5553558,-73.7214256,Parking,0,0.0
Metropolitain Parking,"2001 Rue University Montreal, QC H3A 2A6 Canada",Montreal,QC,H3A 2A6,45.5042268,-73.571634,Parking,0,0.0
Lido Parking,"1440 Rue Clark Montreal, QC H2X 2R3 Canada",Montreal,QC,H2X 2R3,45.509702,-73.5650106,Parking,0,0.0
Stationnement Crescent,"1495 Rue City Councillors Montreal, QC H3A 2T9 Canada",Montreal,QC,H3A 2T9,45.50515,-73.56883,Parking,0,0.0
Park 'N Fly,"700 Avenue Marshall Stationnement Montréal Express A Dorval, QC H9P 2Z4 Canada",Dorval,QC,H9P 2Z4,45.455637,-73.738582,Parking,2,3.0
Acer Parking,"2132 Rue Des Fous de Bassan Laval, QC H7L 5N1 Canada",Laval,QC,H7L 5N1,45.5924072265625,-73.7672271728516,Parking,0,0.0
Revauto Stationnement,"3714 Boulevard Édouard-Montpetit Montreal, QC H3T 1K9 Canada",Montreal,QC,H3T 1K9,45.49683272967055,-73.6242409,Parking,0,0.0
Superior Parking,"1414 Drummond Rue Montreal, QC H3G 1W1 Canada",Montreal,QC,H3G 1W1,45.49879,-73.57529,Parking,1,3.0
Stationnement Metropolitain,"355 Rue Sainte-Catherine O Montreal, QC H3B 1A5 Canada",Montreal,QC,H3B 1A5,45.5061899,-73.5675,Parking,0,0.0
Metropolitan Parking,"1801 Av McGill College Montreal, QC H3A 2N4 Canada",Montreal,QC,H3A 2N4,45.50254,-73.5716,Parking,0,0.0
Stationnement Safeway Canada Ltee,"1140 De Maisonneuve Boul W Montreal, QC H3A 1M8 Canada",Montreal,QC,H3A 1M8,45.7933815,-74.046442,Parking,0,0.0
Parc-Auto Seville,"1424 Rue Peel Montreal, QC H3A 1S8 Canada",Montreal,QC,H3A 1S8,45.5002269,-73.5737027,Parking,0,0.0
Safeway Parking Canada Ltee,"1140 De Maisonneuve Boul W Montreal, QC H3A 1M8 Canada",Montreal,QC,H3A 1M8,45.7933815,-74.046442,Parking,0,0.0
Stationnement Ideal,"1215 Rue Du Square-Phillips Montreal, QC H3B 3E9 Canada",Montreal,QC,H3B 3E9,45.50398,-73.56808,Parking,0,0.0
Stationnement Populaire,"1140 De Maisonneuve Boul W Montreal, QC H3A 1M8 Canada",Montreal,QC,H3A 1M8,45.7933815,-74.046442,Parking,0,0.0
Popular Parking Management,"1140 De Maisonneuve Boul W Montreal, QC H3A 1M8 Canada",Montreal,QC,H3A 1M8,45.7933815,-74.046442,Parking,0,0.0
De Gaspe Parking,"5455 Av De Gaspe Montreal, QC H2T 3B3 Canada",Montreal,QC,H2T 3B3,45.52752,-73.5963699,Parking,1,1.0
Metropolitan Parking,"1280 Rue Berger Montreal, QC H2X 2Y2 Canada",Montreal,QC,H2X 2Y2,45.5104,-73.56244,Parking,0,0.0
Safeway Parking,"1140 De Maisonneuve Boul W Montreal, QC H3A 1M8 Canada",Montreal,QC,H3A 1M8,45.7933815,-74.046442,Parking,1,1.0
Imperial Parking Canada Corporation,"1250 Rene-Levesque Boul W Montreal, QC H3B 4W8 Canada",Montreal,QC,H3B 4W8,45.49727,-73.57042,Parking,0,0.0
Superior Parking,"1537 De Maisonneuve Boul W Montreal, QC H3G 1M9 Canada",Montreal,QC,H3G 1M9,45.80562,-74.05126,Parking,0,0.0
Stationnement EM,"1190 Rue Drummond Montreal, QC H3G 1V7 Canada",Montreal,QC,H3G 1V7,45.49752,-73.57263,Parking,0,0.0
Stationnement Crescent,"1228 Crescent Rue Montreal, QC H3G 2A9 Canada",Montreal,QC,H3G 2A9,45.49668,-73.57501,Parking,0,0.0
Metropolitan Parking,"1201 Boul Rene-Levesque O Montreal, QC H3B 2L7 Canada",Montreal,QC,H3B 2L7,45.4979299,-73.57173,Parking,0,0.0
Stationnement Crescent,"1396 Sainte-Catherine Rue W Montreal, QC H3G 1P9 Canada",Montreal,QC,H3G 1P9,45.49656,-73.57586,Parking,0,0.0
Stationnement A B,"1439 Saint-Timothee Rue Montreal, QC H2L 3N7 Canada",Montreal,QC,H2L 3N7,45.51748,-73.55819,Parking,1,1.0
Stationnement Superieur,"2265 Guy Rue Montreal, QC H3H 2L9 Canada",Montreal,QC,H3H 2L9,45.49645,-73.58068,Parking,0,0.0
Superior Parking,"2265 Guy Rue Montreal, QC H3H 2L9 Canada",Montreal,QC,H3H 2L9,45.49645,-73.58068,Parking,0,0.0
Metropolitan Parking,"900 Boul Rene-Levesque O Montreal, QC H3B 1X8 Canada",Montreal,QC,H3B 1X8,45.50027,-73.56814,Parking,0,0.0
Stationnement EM,"1201 Rue de la Montagne Montreal, QC H3G 1Z2 Canada",Montreal,QC,H3G 1Z2,45.49753,-73.57387,Parking,1,1.0
Stationnement Ideal,"1225 Rue Metcalfe Montreal, QC H3B 2V5 Canada",Montreal,QC,H3B 2V5,45.50048,-73.57118,Parking,0,0.0
Crescent B Parking,"1217 Rue Bishop Montreal, QC H3G 2E2 Canada",Montreal,QC,H3G 2E2,45.4961857,-73.575227,Parking,0,0.0
RTM Stationnement Incitatif Cartier,"44 Boulevard des Laurentides Laval, QC H7G 2S6 Canada",Laval,QC,H7G 2S6,45.559345,-73.681435,Parking,0,0.0
Superior Parking,"1245 Stanley Rue Montreal, QC H3B 2T1 Canada",Montreal,QC,H3B 2T1,45.49902,-73.57251,Parking,0,0.0
Stationnement Superieur,"1414 Drummond Rue Montreal, QC H3G 1W1 Canada",Montreal,QC,H3G 1W1,45.49879,-73.57529,Parking,0,0.0
La Salle Parking,"2175 Rue Bishop Montreal, QC H3G 2E8 Canada",Montreal,QC,H3G 2E8,45.4980673,-73.5790764,Parking,0,0.0
Stationnement Superieur,"1245 Stanley Rue Montreal, QC H3B 2T1 Canada",Montreal,QC,H3B 2T1,45.49902,-73.57251,Parking,0,0.0
Plessis-Panet,"2200 Rue Plessis Montreal, QC H2L 2Y3 Canada",Montreal,QC,H2L 2Y3,45.52458,-73.56339,Parking,0,0.0
Montreal Parc Auto,"1155 Rue Metcalfe Montreal, QC H3B 2V6 Canada",Montreal,QC,H3B 2V6,45.5002,-73.57022,Parking,0,0.0
Stationnement  Éthel,"Rue Éthel Montreal, QC H4G 1S4 Canada",Montreal,QC,H4G 1S4,45.463712,-73.567922,Parking,1,5.0
Gestion De Publications Immobilieres (Gpi) ,"625 Notre-Dame Rue W Montreal, QC H3C 1H8 Canada",Montreal,QC,H3C 1H8,45.50045,-73.56014,Parking,0,0.0
Metropolitain Parking,"1400 Boul Rene-Levesque O Montreal, QC H3G 1T6 Canada",Montreal,QC,H3G 1T6,45.49489,-73.5731,Parking,0,0.0
Vinci Parc (Canada)  (Cite International),"629 Rue Saint-Antoine O Montreal, QC H3C 6J7 Canada",Montreal,QC,H3C 6J7,45.50098,-73.56285,Parking,0,0.0
Gestion Grever,"1616 Rue Sainte-Catherine O Montreal, QC H3H 1L7 Canada",Montreal,QC,H3H 1L7,45.49414,-73.57837,Parking,0,0.0
Aquilini Investment Group,"220 Saint-Jacques Rue Montreal, QC H2Y 1L9 Canada",Montreal,QC,H2Y 1L9,45.50368,-73.55826,Parking,0,0.0
Stationnement Spots,"1010 Rue De La Gauchetiere E Montreal, QC H3B 2N2 Canada",Montreal,QC,H3B 2N2,45.51554,-73.55353,Parking,0,0.0
Parc-Auto Seville,"445 Saint-Jean-Baptiste Rue Montreal, QC H2Y 2Z7 Canada",Montreal,QC,H2Y 2Z7,45.50634,-73.55458,Parking,1,1.0
Gestion Grever,"245 Rue Notre-Dame O Montreal, QC H2Y 1T4 Canada",Montreal,QC,H2Y 1T4,45.5032723,-73.5580646,Parking,0,0.0
Stationnement Populaire,"1155 Guy Rue Montreal, QC H3H 2K5 Canada",Montreal,QC,H3H 2K5,45.49426,-73.5753299,Parking,0,0.0
Canparc Services Ltee,"1000 Saint-Antoine Rue W Montreal, QC H3C 3R7 Canada",Montreal,QC,H3C 3R7,45.49742,-73.56515,Parking,0,0.0
Jack's Parking Lot,"1200 Saint-Antoine Rue W Montreal, QC H3C 1B4 Canada",Montreal,QC,H3C 1B4,45.49561,-73.56819,Parking,0,0.0
Stationnement 9095-9362,"685 Saint-Maurice Rue Montreal, QC H3C 1L4 Canada",Montreal,QC,H3C 1L4,45.49985,-73.55937,Parking,0,0.0
Parcobec,"407 Saint-Laurent Boul Montreal, QC H2Y 2Y5 Canada",Montreal,QC,H2Y 2Y5,45.50586,-73.55411,Parking,0,0.0
United Parking M D,"1717 Boul Rene-Levesque E Montreal, QC H2L 4T3 Canada",Montreal,QC,H2L 4T3,45.52138,-73.55052,Parking,0,0.0
United Parking M D,"405 Rue De L'inspecteur Montreal, QC H3C 2K8 Canada",Montreal,QC,H3C 2K8,45.49684,-73.56108,Parking,0,0.0
Stationnement Ideal,"420 Saint-Francois-Xavier Rue Montreal, QC H2Y 2S9 Canada",Montreal,QC,H2Y 2S9,45.5028,-73.55587,Parking,0,0.0
Imperial Parking Canada Corporation,"4040 Tupper Rue Westmount, QC H3Z 1T6 Canada",Westmount,QC,H3Z 1T6,45.48773,-73.58492,Parking,0,0.0
Stationnement Populaire,"1255 Greene Av Westmount, QC H3Z 2A4 Canada",Westmount,QC,H3Z 2A4,45.48691,-73.589,Parking,0,0.0
Acme Auvents Prestige,"5598 Hochelaga Rue Montreal, QC H1N 3L7 Canada",Montreal,QC,H1N 3L7,45.5681143,-73.5388173,"Parking, General Contractors",0,0.0
Atelier De Piscines Perrin,"891 Boul Sainte-Foy Longueuil, QC J4K 1V6 Canada",Longueuil,QC,J4K 1V6,45.52199,-73.49767,"Parking, General Contractors",0,0.0
Couture Et Toiles Jade,"1181 Rue Saint-Jacques Longueuil, QC J4J 3S3 Canada",Longueuil,QC,J4J 3S3,45.53127,-73.49138,"Parking, General Contractors",0,0.0
Abri D'autos Vita,"1692 Claire Crois Lachine, QC H8S 1A2 Canada",Lachine,QC,H8S 1A2,45.45013,-73.6795,"Parking, Gardeners",0,0.0
Pelouse Vita,"1692 Crois Claire Lachine, QC H8S 1A2 Canada",Lachine,QC,H8S 1A2,45.45013,-73.6795,"Parking, Gardeners",0,0.0
Industries Bellon (Les),"2855 Rue Dugas Longueuil, QC J4L 3L4 Canada",Longueuil,QC,J4L 3L4,45.51741,-73.46241,"Parking, General Contractors",0,0.0
Vita Lawn,"1692 Crois Claire Lachine, QC H8S 1A2 Canada",Lachine,QC,H8S 1A2,45.45013,-73.6795,"Parking, Gardeners",0,0.0
Stationnement Ideal,"5000 Belanger Rue Montreal, QC H1T 1C8 Canada",Montreal,QC,H1T 1C8,45.57438,-73.57852,Parking,0,0.0
Gestiparc,"5345 De L'assomption Boul Montreal, QC H1T 4B3 Canada",Montreal,QC,H1T 4B3,45.57329,-73.55768,Parking,0,0.0
Galerie Du Laiton,"5598 Hochelaga Rue Montreal, QC H1N 3L7 Canada",Montreal,QC,H1N 3L7,45.5681143,-73.5388173,"Parking, Furniture Stores, General Contractors",0,0.0
Canevas General,"5598 Hochelaga Rue Montreal, QC H1N 3L7 Canada",Montreal,QC,H1N 3L7,45.5681143,-73.5388173,"Parking, Fabric Stores",0,0.0
Canevas General,"5598 Rue Hochelaga Montreal, QC H1N 3L7 Canada",Montreal,QC,H1N 3L7,45.5681143,-73.5388173,"Parking, Fabric Stores",0,0.0
Cie D'auvents Canadienne,"5598 Hochelaga Rue Montreal, QC H1N 3L7 Canada",Montreal,QC,H1N 3L7,45.5681143,-73.5388173,"Parking, Furniture Stores, General Contractors",0,0.0
Canadian Awning,"5598 Hochelaga Rue Montreal, QC H1N 3L7 Canada",Montreal,QC,H1N 3L7,45.5681143,-73.5388173,"Parking, Furniture Stores, General Contractors",0,0.0
Auvents Montreal,"5598 Hochelaga Rue Montreal, QC H1N 3L7 Canada",Montreal,QC,H1N 3L7,45.5681143,-73.5388173,"Parking, Furniture Stores, General Contractors",0,0.0
Atlas Auvents & Abris,"4405 Des Industries Av Laval, QC H7C 1A1 Canada",Laval,QC,H7C 1A1,45.61735,-73.66522,"Parking, General Contractors",0,0.0
Auvents U V,"2740 Pitfield Boul Saint-Laurent, QC H4S 1G9 Canada",Saint-Laurent,QC,H4S 1G9,45.4956699,-73.74599,"Parking, General Contractors",0,0.0
E S Administration,"9310 Saint-Laurent Boul Montreal, QC H2N 1N4 Canada",Montreal,QC,H2N 1N4,45.54411,-73.65212,Parking,0,0.0
Solutions Coutures,"1450 Rue De Coulomb Boucherville, QC J4B 7K2 Canada",Boucherville,QC,J4B 7K2,45.55917,-73.43433,"Parking, Shopping",0,0.0
Imperial Parking Canada Corporation,"975 Boul Romeo-Vachon N Dorval, QC H4Y 1H2 Canada",Dorval,QC,H4Y 1H2,45.4579499,-73.75157,Parking,0,0.0
Abri D'auto Vimont,"2128 Boul Des Laurentides Laval, QC H7M 2Y6 Canada",Laval,QC,H7M 2Y6,45.58773,-73.71244,Parking,0,0.0
Stationnement Imperial,"975 Boul Romeo-Vachon N Dorval, QC H4Y 1H2 Canada",Dorval,QC,H4Y 1H2,45.4579499,-73.75157,Parking,0,0.0
Gestion Equitabec,"600 Boul Lionel-Boulet Varennes, QC J3X 1P7 Canada",Varennes,QC,J3X 1P7,45.6511238,-73.4154175,Parking,0,0.0
Provincial Awning,"11753 Letellier Rue Montreal, QC H3M 2Z7 Canada",Montreal,QC,H3M 2Z7,45.54166,-73.68659,"Parking, General Contractors",0,0.0
Compagnie D'auvents Provincial Ltee,"11753 Letellier Rue Montreal, QC H3M 2Z7 Canada",Montreal,QC,H3M 2Z7,45.54166,-73.68659,"Parking, General Contractors",0,0.0
Abris Tempo,"7970 Jarry Rue Anjou, QC H1J 1H5 Canada",Anjou,QC,H1J 1H5,45.6119295,-73.5664481,Parking,2,1.0
Tempo,"7970 Jarry Rue Anjou, QC H1J 1H5 Canada",Anjou,QC,H1J 1H5,45.6119295,-73.5664481,Parking,0,0.0
Stationnement Ideal,"5655 Saint-Zotique Rue E Montreal, QC H1T 1P7 Canada",Montreal,QC,H1T 1P7,45.5798519,-73.5702661,Parking,0,0.0
Castonguay Francois,"20 Rue Industrielle Delson, QC J5B 1V8 Canada",Delson,QC,J5B 1V8,45.37239,-73.5337799,Parking,0,0.0
Abri-Depot,"5140 Boul Des Laurentides Laval, QC H7K 2J5 Canada",Laval,QC,H7K 2J5,45.62122,-73.74659,Parking,0,0.0
Fitz Montréal Bike Tours,"1251 Rue Rachel E Maison des Cyclistes Montreal, QC H2J 2J9 Canada",Montreal,QC,H2J 2J9,45.527219,-73.573049,"Bike Rentals, Tours, Bikes",104,4.9
Dyad,"80 Rue Prince-Arthur E Montreal, QC H2X 1B3 Canada",Montreal,QC,H2X 1B3,45.51458,-73.57165,"Bike Rentals, Motorcycle Dealers, Scooter Rentals",55,4.8
Ça Roule Montréal,"27 Rue de la Commune E Montreal, QC H2Y 1H9 Canada",Montreal,QC,H2Y 1H9,45.5058331595804,-73.55312846442261,"Bikes, Bike Rentals, Bike tours",54,4.4
Ma Bicyclette,"2985 Rue Saint-Patrick Montreal, QC H3K 1B9 Canada",Montreal,QC,H3K 1B9,45.47783594695981,-73.57466991349335,"Bike Rentals, Bike Repair/Maintenance",25,4.6
Bicycletterie JR,"201 Rachel Rue E Montreal, QC H2W 1E4 Canada",Montreal,QC,H2W 1E4,45.519969,-73.5801195,"Bikes, Bike Rentals, Bike Repair/Maintenance",25,4.0
Bixi,"5945 Avenue de Gaspé Montreal, QC H2S 2X4 Canada",Montreal,QC,H2S 2X4,45.5297317,-73.6018144,"Bike Sharing, Bike Rentals",107,3.1
Vélo Urbain,"4445 Avenue Papineau Montreal, QC H2H 1T7 Canada",Montreal,QC,H2H 1T7,45.5326018699387,-73.573605060981,"Bike Repair/Maintenance, Bike Rentals, Bikes",5,4.8
Cycles Gervais Rioux,"4646 Avenue du Parc Montreal, QC H2V 4E5 Canada",Montreal,QC,H2V 4E5,45.517565,-73.591474,"Bikes, Bike Repair/Maintenance, Bike Rentals",5,3.8
Vélodidacte,"4468 Rue de Brebeuf Montreal, QC H2J 3K9 Canada",Montreal,QC,H2J 3K9,45.529012,-73.577589,"Bikes, Bike Repair/Maintenance, Bike Rentals",3,4.0
Vélo Branché,"4801 Avenue Papineau Montreal, QC H2H 1V7 Canada",Montreal,QC,H2H 1V7,45.534824,-73.578022,"Bikes, Bike Repair/Maintenance, Bike Rentals",1,5.0
Atelier Mon Vélo,"4816b Parc Avenue Montreal, QC H2V 4E7 Canada",Montreal,QC,H2V 4E7,45.51815,-73.59317,Bike Rentals,2,4.0
Bicycles Quilicot,"3200 Rue Masson Montreal, QC H1Y 1Y3 Canada",Montreal,QC,H1Y 1Y3,45.55037,-73.573377,"Bikes, Bike Repair/Maintenance, Bike Rentals",6,2.8
Trucavelo,"Varennes, QC J3X Canada",Varennes,QC,J3X,45.67528534,-73.42403412,"Bike Repair/Maintenance, Bike Rentals",0,0.0
Bicycles Quilicot,"7341 Rue Saint-Denis Montreal, QC H2R 2E5 Canada",Montreal,QC,H2R 2E5,45.53948,-73.61754,"Bikes, Bike Repair/Maintenance, Bike Rentals",0,0.0
Vélo Espresso,"4551 Rue Sainte-Catherine E Montreal, QC H1V 1Y8 Canada",Montreal,QC,H1V 1Y8,45.553298,-73.53257,"Bikes, Bike Repair/Maintenance, Bike Rentals",1,5.0
Vesparentalmontreal,"1 Rue de la Commune O Montreal, QC H1T 1E7 Canada",Montreal,QC,H1T 1E7,45.5052813,-73.5534072,Bike Rentals,0,0.0
Vélopousse Maisonneuve,"Parc Olympique Montreal, QC H1V 3N7 Canada",Montreal,QC,H1V 3N7,45.559662,-73.550828,Bike Rentals,1,5.0
Cycles Performance,"1684 Avenue Bourgogne Chambly, QC J3L 1Y8 Canada",Chambly,QC,J3L 1Y8,45.5392775,-73.6176455,"Bikes, Bike Rentals",0,0.0
Bicycles Quilicot,"1600 Boulevard le Corbusier Local 31 Laval, QC H7S 1Y9 Canada",Laval,QC,H7S 1Y9,45.5604721596038,-73.73207279030942,"Bikes, Bike Repair/Maintenance, Bike Rentals",2,1.0
